DATE,DRIVINGADVANCE,FACEHOLES,FACEMETRES,MACHINE_SHIFTS,MACHINE_COUNT,MACHINE_LOCATION_CHANGE_PER_SHIFT,OPERATOR_COUNT,STRIPPINGMETRES,CUT_CALENDAR_SHIFTS,DRILLSTEELLENGTH,HEADING_AREA,LOCS_LAST_7_DAYS,LOCS_NEXT_7_DAYS,SITE_CUT_ID,UGLOCATIONID,month,dayofmonth,quarter,dayofyear,weekofyear
2021-01-03,69.24460516400669,1107.416538912616,3875.9578861941563,56,28,41,37,170.33737945381492,667,4.385914299989082,31.086508727199384,13.368695038697066,14.011358893418402,19,13,1.0,3.0,1.0,3.0,53.0
2021-01-10,149.46824322879925,2366.4227068193413,8282.479473867694,89,58,64,66,408.6901424159473,574,4.247959918342285,28.90144895954724,13.144917089756293,15.62083053244258,44,18,1.0,10.0,1.0,10.0,1.0
2021-01-17,150.6863859149767,3186.072398382446,11051.884920159438,102,54,71,71,402.4848320166588,281,4.317600198400613,28.78863453428067,15.685771146013844,14.015243297638598,44,14,1.0,17.0,1.0,17.0,2.0
2021-01-24,129.12744342561732,1959.9570849884624,6859.8497974596185,80,49,52,60,761.5168260285448,120,4.287666288924254,29.06632859728733,13.652125546568252,13.371826184606618,38,14,1.0,24.0,1.0,24.0,3.0
2021-01-31,131.6125334057682,2536.096734142674,8809.282653513459,105,53,74,69,430.1964974411459,467,4.297940655283908,27.900126934677093,13.4993116515278,11.30139187290881,39,15,1.0,31.0,1.0,31.0,4.0
2021-02-07,151.03804737910082,2669.084025267472,9341.794088436152,77,54,55,64,222.95265216097022,271,4.264287311379046,27.86074431356809,10.839581735120994,14.152952285414209,44,12,2.0,7.0,1.0,38.0,5.0
2021-02-14,176.57836369836355,2845.20046189528,9932.14933900014,105,62,77,90,607.1882729350136,926,4.316809273080286,25.28082015237779,14.261386959724932,13.590719270628416,52,16,2.0,14.0,1.0,45.0,6.0
2021-02-21,168.29740124280468,2874.886636121544,10062.103226425405,89,56,62,73,428.5726981661385,480,4.3451069241535,25.200833817953082,13.536600659624026,15.012631695637884,48,16,2.0,21.0,1.0,52.0,7.0
2021-02-28,157.126810993202,2820.817796451822,9872.862287581376,100,56,72,77,862.5634897690601,950,4.328866525273321,26.68600272120127,14.397603060432015,17.318705668178573,46,17,2.0,28.0,1.0,59.0,8.0
2021-03-07,177.6089493310793,3152.0035210551077,10938.860307351963,103,64,78,84,242.60755360919254,619,4.314039899267511,27.070409407562924,17.083154415949057,16.28164137986738,51,18,3.0,7.0,1.0,66.0,9.0
2021-03-14,161.2397227778234,2825.9167549099006,9827.569642147912,104,56,79,82,674.6809769757692,1059,4.285583398399689,27.68771607000991,16.179504693536508,17.809798573897762,47,16,3.0,14.0,1.0,73.0,10.0
2021-03-21,182.8810471116898,2833.282361844248,9916.48826645487,128,64,97,101,956.4642967107695,807,4.281015125437283,27.355079231387336,17.568572545872023,18.97287031355039,55,23,3.0,21.0,1.0,80.0,11.0
2021-03-28,140.44302408340621,2789.698004977761,9763.943017422162,93,55,63,74,0.0,740,4.3136071682760475,27.031221774499357,18.923443401264482,16.58333786353864,40,17,3.0,28.0,1.0,87.0,12.0
2021-04-04,134.5853127235793,2114.277301640473,7399.9705557416555,83,51,59,71,375.7719782939726,312,4.243176840686571,26.817305123136897,17.01435114094902,18.953022214270426,40,19,4.0,4.0,2.0,94.0,13.0
2021-04-11,128.53650086730835,2398.4160578335964,8394.456202417588,94,46,73,67,403.6508905098225,808,4.298042641366599,25.002698147687614,18.691769425944962,21.346782081760544,38,18,4.0,11.0,2.0,101.0,14.0
2021-04-18,144.9853122938185,2182.997545980777,7575.7550173943955,115,57,82,79,1945.4811505496089,526,4.169957844045471,25.420972051959996,22.15125190963963,21.153634492282837,46,20,4.0,18.0,2.0,108.0,15.0
2021-04-25,173.78191385246458,2692.0138124014875,9359.180429897431,129,64,98,106,560.983781448215,1459,4.255847327306429,24.519285004260762,21.065959936760233,19.730884677734185,51,26,4.0,25.0,2.0,115.0,16.0
2021-05-02,193.55910028367649,3132.0810983073898,10962.283844075864,153,65,115,99,436.3221287997926,1078,4.323657824518488,24.32089006272707,19.615441988743925,16.27507925339427,55,21,5.0,2.0,2.0,122.0,17.0
2021-05-09,138.69112397269006,1874.733413764323,6561.56694817513,84,53,63,68,18.426832268132493,679,4.259798807732624,24.835427444288133,15.514888167641624,13.603564257052028,40,13,5.0,9.0,2.0,129.0,18.0
2021-05-16,163.36495979749728,2807.8372337286987,9762.994378513893,86,58,66,71,319.659058274998,231,4.20943293530038,23.196583435991762,13.670841911619583,15.74751305392406,49,15,5.0,16.0,2.0,136.0,19.0
2021-05-23,118.17248840373288,2260.74665595909,7912.613295856815,91,42,65,64,366.2930416182187,215,4.30704002017664,23.898161475630825,16.21256352099735,17.544876596376557,35,16,5.0,23.0,2.0,143.0,20.0
2021-05-30,126.26281439655988,2018.4843021344225,7064.695057470479,88,49,57,72,588.2364702701432,157,4.276283674609552,23.355016306460108,16.877285983781718,15.814691216708617,38,14,5.0,30.0,2.0,150.0,21.0
2021-06-06,113.67294802071353,1928.548912329748,6749.921193154118,91,44,64,67,505.16668804299786,383,4.191090269962606,23.294528867911552,15.95832424250827,15.224541274540636,35,16,6.0,6.0,2.0,157.0,22.0
2021-06-13,122.52533837340043,2016.3945105765538,7057.380787017938,91,46,63,68,128.7822296065101,273,3.928421561245506,23.502627000735682,15.824872144552481,12.85638641830257,35,15,6.0,13.0,2.0,164.0,23.0
2021-06-20,121.99551339840768,1722.0645227416499,6027.2258295957745,81,45,56,60,129.85941009686354,198,4.211695925508983,23.420866764967194,11.955133807023753,10.370961858998669,36,12,6.0,20.0,2.0,171.0,24.0
2021-06-27,74.42422005728531,1294.5841501267485,4531.04452544362,46,22,32,34,0.0,106,4.354070016956827,24.002480032429748,10.349706143884042,8.195014870655653,21,9,6.0,27.0,2.0,178.0,25.0
2021-07-04,109.96518192648594,2181.116081247725,7633.906284367037,57,37,40,51,35.145846200412535,228,4.358067117823867,24.735125541699556,8.047484677729082,9.397181716187328,31,9,7.0,4.0,3.0,185.0,26.0
2021-07-11,101.25165783666304,1735.0747829936067,6062.24196120822,80,38,52,55,234.0980569796581,98,4.272233587843173,25.086431123739565,8.973829855105015,10.434546577899091,30,9,7.0,11.0,3.0,192.0,27.0
2021-07-18,181.83008012840497,2791.5887674476107,9770.560686066638,142,70,91,101,0.0,731,4.250537474387873,25.418009061054914,10.479186962026077,11.600551977637823,53,16,7.0,18.0,3.0,199.0,28.0
2021-07-25,114.2257219786319,2176.8321467239525,7590.634671140214,79,42,49,60,376.5809996049387,289,4.057014183863177,25.8148034504977,11.806673649016838,16.568436297979297,34,13,7.0,25.0,3.0,206.0,29.0
2021-08-01,159.0734736209634,2328.646642100735,8150.263247352573,111,61,71,80,485.54976502080603,739,4.3114938273385395,25.72975958124911,16.96214174811279,18.45053359156994,47,18,8.0,1.0,3.0,213.0,30.0
2021-08-08,147.2726790835753,2302.260011531901,8049.992561734711,103,54,67,75,643.6317441293586,1264,4.2633584173977,23.379232312112457,17.55355170073422,16.447909205758858,44,19,8.0,8.0,3.0,220.0,31.0
2021-08-15,175.9550908600303,3321.3554430454483,11624.74405065907,152,80,115,117,224.65087875464428,528,4.313400431100544,24.623501985599486,16.661177810809384,16.533621693493288,51,19,8.0,15.0,3.0,227.0,32.0
2021-08-22,145.81017481065012,2042.278725903067,7111.973246733936,91,62,64,76,519.3304942331386,776,3.8498115195677403,23.308239736033737,16.859929606190143,17.75918644536887,43,17,8.0,22.0,3.0,234.0,33.0
2021-08-29,189.10519614286494,3034.103566728169,10518.277373097491,154,75,119,110,66.6948439221309,1014,4.291721661572,24.692596870096676,17.62876988419695,18.361945029282573,55,22,8.0,29.0,3.0,241.0,34.0
2021-09-05,155.22461603598816,2353.1714240382553,8236.099984133893,92,59,70,84,169.93819176698517,857,3.9956337884172757,23.025963599866863,18.348956183615336,14.629987764271114,45,13,9.0,5.0,3.0,248.0,35.0
2021-09-12,171.44928276885082,2814.7429528744215,9851.600335060475,148,60,105,95,309.3446254416099,739,4.372925560310781,25.86032673352215,15.47401447664074,14.480900152589555,49,17,9.0,12.0,3.0,255.0,36.0
2021-09-19,99.7494752660335,1883.0715323620861,6528.2201435406205,69,44,50,52,153.08441575258988,104,3.644111265194406,26.316992656893405,13.906414040964833,13.09921189011396,29,10,9.0,19.0,3.0,262.0,37.0
2021-09-26,125.30966636995811,2196.380978556164,7687.333424946572,124,62,89,85,1314.0618436071986,1050,4.257338181387628,24.60027294260163,13.622058427795228,14.688298121716077,40,19,9.0,26.0,3.0,269.0,38.0
2021-10-03,139.10110911142326,1970.812324732206,6897.84313656272,97,57,71,71,61.89172795303869,174,3.432491707961373,23.476930352037833,14.44564012269851,15.917496676239585,40,16,10.0,3.0,4.0,276.0,39.0
2021-10-10,144.08361758036528,2383.7525649955805,8343.133977484533,110,58,71,77,445.8669525209039,167,4.269916542712709,24.29476793314636,16.03357428795854,15.100161711181597,44,15,10.0,10.0,4.0,283.0,40.0
2021-10-17,131.28184226318297,2019.1811742706527,7067.134109947284,83,46,58,62,333.79904710483805,281,3.518710072107614,24.759910116477396,15.6847290799968,14.994581461747321,39,17,10.0,17.0,4.0,290.0,41.0
2021-10-24,152.5480641199686,2553.7073206432365,8937.975622251328,81,53,56,70,86.21510947368145,211,3.4818988967710993,24.183259860983416,14.499232967174464,14.133997354001297,44,14,10.0,24.0,4.0,297.0,42.0
2021-10-31,131.71176362371972,2038.8017459544908,7071.883109578236,81,49,54,64,340.16113966112994,723,3.563223467826291,25.85241292032901,14.65400274426777,15.611634450288333,39,17,10.0,31.0,4.0,304.0,43.0
2021-11-07,136.03703977296075,2365.853852278198,8255.13894590954,84,50,57,70,108.73005905223359,555,3.952377045681311,23.821677382104216,15.500279632269443,12.88654671910145,40,13,11.0,7.0,4.0,311.0,44.0
2021-11-14,113.76438380954103,2003.8389865710374,6635.068775271292,63,42,37,56,487.83441101827384,1002,3.953098777627339,26.164833460501605,12.676811944920848,14.072483255358511,36,15,11.0,14.0,4.0,318.0,45.0
2021-11-21,133.04715537770903,1954.4880221905073,6840.708077666775,78,54,55,71,743.6125614051034,752,4.002535544771163,23.80017366545188,13.85887908015416,13.521273558375915,39,13,11.0,21.0,4.0,325.0,46.0
2021-11-28,128.42159819776558,2293.4656022999266,7924.134301061694,67,44,46,60,214.7882698872748,133,4.20220082580885,26.241421748643518,13.6373417977403,14.982091495198802,38,14,11.0,28.0,4.0,332.0,47.0
2021-12-05,120.6664355592569,2083.0004393322383,7210.104720310342,64,43,39,53,549.8812277231649,127,3.972261545121012,24.446599392952145,14.920000625022517,14.855275655999835,37,12,12.0,5.0,4.0,339.0,48.0
2021-12-12,123.39873560371522,2039.7056427724472,7025.8378957332825,69,48,49,61,227.32960456622862,531,3.984473008077275,24.0110879236632,14.892398272654194,15.966137795163979,37,14,12.0,12.0,4.0,346.0,49.0
2021-12-19,153.18371038821053,2518.4941228381927,8814.729429933674,85,48,61,71,179.81203693924843,234,4.133770573119459,23.812132444415248,16.245562134994938,17.87195352433525,45,17,12.0,19.0,4.0,353.0,50.0
2021-12-26,152.99696491272067,2416.381447611454,8428.039562453636,76,49,52,67,409.21710512605796,185,4.03249247408737,22.735968031090927,18.874495223750365,18.564727969038117,44,17,12.0,26.0,4.0,360.0,51.0
2022-01-02,130.50092357563568,2034.2272630963312,7119.841238600659,86,50,55,75,440.51303695935354,241,4.269134642192603,23.271171297266296,17.96260731209364,15.603780410388628,38,17,1.0,2.0,1.0,2.0,52.0
2022-01-09,114.4615308311362,1580.925758235761,5533.240153825162,58,41,35,55,150.52314281021455,253,4.04404098743797,21.70877715051707,15.343631373054665,13.778887879477818,33,11,1.0,9.0,1.0,9.0,1.0
2022-01-16,129.42107186178515,1899.7703365754533,6649.196178014086,79,52,54,71,737.7446357860556,422,4.107365852843735,24.021952220041946,13.693060128305907,14.442482500182354,39,16,1.0,16.0,1.0,16.0,2.0
2022-01-23,154.58069895535854,2424.419103145814,8371.191358353579,87,54,59,77,370.06883124932034,240,4.210771361810912,24.31148482297768,14.677539470137905,16.20410960413385,45,17,1.0,23.0,1.0,23.0,3.0
2022-01-30,120.50727072230606,2033.8906584211409,6979.958795066756,83,49,63,67,73.35085040582021,996,4.270649250032667,23.20481184761839,15.940413419361882,16.53557857061294,36,18,1.0,30.0,1.0,30.0,4.0
2022-02-06,178.95909390338974,2885.201951140321,10043.386593308287,101,60,75,86,215.883266595229,1464,4.103176230595808,23.163314520235478,15.693449362203259,13.729853544974748,52,19,2.0,6.0,1.0,37.0,5.0
2022-02-13,155.51536913298906,2611.30026255471,9060.848116760031,92,57,67,75,135.42257902928313,1279,3.801213955376601,23.295269777757465,13.650095986848484,13.471641549293675,45,14,2.0,13.0,1.0,44.0,6.0
2022-02-20,172.6050305036891,2658.7368746601314,9253.311519387546,108,58,77,83,622.9581384478082,649,4.209664903308661,22.990941615438654,13.232867210692476,13.674879315200949,50,17,2.0,20.0,1.0,51.0,7.0
2022-02-27,174.22035741224514,2826.359547901837,9866.106985445627,110,61,71,85,836.770364806455,3388,4.236741421402273,25.559070436762312,13.746133631145204,15.554274854829861,50,21,2.0,27.0,1.0,58.0,8.0
2022-03-06,104.94266344119687,1878.3768529101678,6574.318985185587,51,38,34,47,0.0,89,4.297651931401395,25.013832859773007,15.457068824960658,11.82728504794218,30,12,3.0,6.0,1.0,65.0,9.0
2022-03-13,128.27425231272855,2071.4910921077294,7196.815173544953,68,42,46,61,114.72797942470493,224,3.917870182618209,25.416243906235966,12.736909386331154,13.908235540728242,37,14,3.0,13.0,1.0,72.0,10.0
2022-03-20,84.59239225045638,1553.643206134495,5437.751221470732,50,27,30,42,164.9987022578798,96,4.2267243351062636,25.79211099897416,14.109335155312085,11.187063720149519,25,11,3.0,20.0,1.0,79.0,11.0
2022-03-27,128.7849419575274,1983.4503612467975,6942.076264363791,74,45,54,60,437.3361909174496,576,4.110906436053665,25.62765197999285,11.600288526289873,13.525327944407596,38,13,3.0,27.0,1.0,86.0,12.0
2022-04-03,113.73739365837298,1980.183290370614,6930.641516297149,77,47,50,67,463.069439531533,858,4.269491084909608,26.289537113415406,13.590568976003539,11.453932100960252,33,16,4.0,3.0,2.0,93.0,13.0
2022-04-10,109.25791409430211,2050.3102366541566,7176.085828289549,68,36,40,51,93.38278803455822,949,4.164892778221887,28.39949644263557,10.72663892891247,11.421793411533901,32,12,4.0,10.0,2.0,100.0,14.0
2022-04-17,126.08351269803678,2100.882343071147,7353.088200749014,82,40,53,63,447.50221596105393,687,4.198998743987179,25.87481722797345,11.688551104428198,12.567284970274018,38,15,4.0,17.0,2.0,107.0,15.0
2022-04-24,105.53933530555753,2164.0788279365784,7574.275897778025,68,40,42,55,30.984292578811647,263,4.167109781373895,26.37964212371742,11.864921575460954,9.795040076741914,33,11,4.0,24.0,2.0,114.0,16.0
2022-05-01,129.95879270548298,2245.109619100682,7857.883666852385,63,40,43,60,84.09726754682454,178,4.219852694258068,25.317427246301502,9.766045750978595,11.006082430119271,39,11,5.0,1.0,2.0,121.0,17.0
2022-05-08,116.9791269401186,1955.495504021124,6844.234264073934,64,40,40,51,1015.6987831259726,457,4.286157518601852,25.156469611637586,12.016608776069669,11.152016328973014,36,11,5.0,8.0,2.0,128.0,18.0
2022-05-15,143.86433985955384,2635.4468169310844,9224.063859258797,75,48,52,66,20.83615631660958,116,4.31091750101799,25.947199683901033,11.09296146612018,11.456398001972708,41,10,5.0,15.0,2.0,135.0,19.0
2022-05-22,117.59861913836338,1809.2142924815548,6332.250023685441,63,39,43,52,182.38594305810832,297,4.160761505312637,25.984943631005713,11.035610019306375,10.972475615467074,35,12,5.0,22.0,2.0,142.0,20.0
2022-05-29,96.91515152995785,1561.654885926807,5465.792100743824,51,35,27,42,213.19956651494638,82,4.164597527536482,26.7941178158612,9.97258900595055,9.00608616619474,28,8,5.0,29.0,2.0,149.0,21.0
2022-06-05,91.46477540118384,1543.513221357167,5402.296274750084,59,35,35,48,613.8776510584598,1546,4.2915638215580865,26.916340799998355,8.818125954493881,11.020756084478242,27,13,6.0,5.0,2.0,156.0,22.0
2022-06-12,117.18494495075619,1963.6507105076173,6818.944982860546,72,42,43,58,324.09775411623855,757,4.283538629898979,27.218794632733818,11.295887970779976,10.588395947057805,34,11,6.0,12.0,2.0,163.0,23.0
2022-06-19,104.41113285115198,1956.643549715519,6848.252424004316,58,36,34,49,22.297249766114398,135,4.275884488190033,29.29803884873718,10.083376378829506,9.958604074056137,30,10,6.0,19.0,2.0,170.0,24.0
2022-06-26,111.03825686585327,1841.8296837831072,6414.730497662177,56,38,36,50,134.64362852644703,101,4.176747927763513,30.656732320768157,10.493885547022334,12.135519456657926,32,9,6.0,26.0,2.0,177.0,25.0
2022-07-03,103.9089880467222,2029.764038061446,7077.888643430797,59,41,37,49,450.6545048236485,169,4.0525378587076855,28.963216407800598,11.8746867776874,14.122194421207544,32,12,7.0,3.0,3.0,184.0,26.0
2022-07-10,60.749391061378276,994.3296876377033,3480.1539067319613,39,24,22,34,49.037481306787384,1262,4.078590552455501,31.39542213598386,14.267130305656861,14.736306838087224,18,11,7.0,10.0,3.0,191.0,27.0
2022-07-17,99.82980733835744,2268.7772421727814,7835.077127816187,65,44,40,60,471.9512380045752,157,4.110633156520968,31.05016199042304,12.999376098234764,12.19859082700039,32,13,7.0,17.0,3.0,198.0,28.0
2022-07-24,102.27583227245441,1871.9136423460627,6551.69774821122,60,38,37,52,13.739116928730528,357,4.199337311216751,29.549878298838262,12.324748764207751,12.995285197180714,30,17,7.0,24.0,3.0,205.0,29.0
2022-07-31,125.910576710766,2383.176691953938,8341.118421838783,84,49,58,66,19.902688300996843,553,4.1455986915562075,29.462013411888663,12.822887147525938,12.523268024996822,38,15,7.0,31.0,3.0,212.0,30.0
2022-08-07,92.12417049233252,1537.079266463525,5331.934747945695,68,32,40,53,357.31641786296933,630,4.077781085831829,27.51299521079468,12.87512452717974,12.14727829837663,30,14,8.0,7.0,3.0,219.0,31.0
2022-08-14,111.20238012139464,2080.3675085525247,7226.115154011002,70,47,47,61,124.12980980662351,328,4.223397886290376,28.594011661314106,12.11666499332613,12.601918714868578,34,13,8.0,14.0,3.0,226.0,32.0
2022-08-21,75.38972319737766,1229.7332815319267,4304.066485361743,50,32,34,41,507.19395230259556,101,4.288795636152804,24.562015011716223,12.647427339691093,12.6730870631523,24,12,8.0,21.0,3.0,233.0,33.0
2022-08-28,92.72930158621223,1635.7590036376678,5725.156512731837,53,38,34,47,38.39183945511487,225,4.286141072802705,23.71029966039196,12.834010159223912,10.413022008757311,30,12,8.0,28.0,3.0,240.0,34.0
2022-09-04,93.61560700446807,1476.845918463361,5168.960714621763,83,44,54,69,267.57036617367794,1488,3.8159310024796893,23.387856907766913,10.776329496741024,10.831676882922489,29,14,9.0,4.0,3.0,247.0,35.0
2022-09-11,131.62521287973053,2205.4450750667233,7719.0577627335315,79,53,50,67,57.77802782032376,359,4.035103111752426,22.383984916523964,9.48793239328476,11.247681882322373,39,11,9.0,11.0,3.0,254.0,36.0
2022-09-18,116.74676889070696,1676.9209018801705,5869.268389917879,65,39,45,53,28.92613547116781,1181,3.9036108035755035,22.52274130464568,11.444316436873114,11.336388810882015,34,12,9.0,18.0,3.0,261.0,37.0
2022-09-25,88.83752566594808,1762.0715707675577,6167.250497686452,69,37,41,53,709.761435504951,1169,4.132586108138313,25.047460504656176,11.591204806527346,13.588545492104798,27,15,9.0,25.0,3.0,268.0,38.0
2022-10-02,111.31794385280982,1599.4095119227925,5578.133291729774,70,42,49,60,170.2162512182474,124,4.066962882373603,25.61406175374507,14.585453369444698,13.944781344507634,33,15,10.0,2.0,4.0,275.0,39.0
2022-10-09,115.2253689509129,2003.2000303313175,6883.510566242162,72,48,50,65,439.7980929900093,838,3.756148674052151,24.338891373408586,13.48814662540722,12.641420888803273,35,12,10.0,9.0,4.0,282.0,40.0
2022-10-16,131.42570293561752,2087.3871866887057,7277.740256835646,94,55,67,74,324.3876118067974,1501,3.948475899809973,25.293460647354774,12.82703811391049,11.762921930748856,40,17,10.0,16.0,4.0,289.0,41.0
2022-10-23,88.9434336949033,1702.3915024833016,5928.547165606818,54,38,34,45,0.0,248,4.1709817835599345,26.352550012956314,11.429173908897459,14.43759355020727,27,14,10.0,23.0,4.0,296.0,42.0
2022-10-30,140.7353100784155,2085.478545461699,7206.5666092595,70,56,45,68,253.10853432511445,146,4.211933884286563,26.369065997723922,14.156573320644299,15.635202796809997,43,14,10.0,30.0,4.0,303.0,43.0
2022-11-06,106.97129635711019,1994.7655840988998,6935.283613176961,81,47,57,66,602.363816748771,1838,3.4820313588734852,25.62929620553467,15.435395574684444,15.648507902324916,36,21,11.0,6.0,4.0,310.0,44.0
2022-11-13,113.28346154512019,2303.7051072542577,8062.967875389902,69,48,45,61,25.161611019457187,486,4.339845697782266,28.698989488920986,15.648781869335359,13.971134171983461,36,15,11.0,13.0,4.0,317.0,45.0
2022-11-20,124.99450109827032,2802.5675915643724,9626.441473730494,107,66,74,94,0.0,2647,3.7195761102853573,26.742849462767147,13.936156655240103,12.38103119427485,42,17,11.0,20.0,4.0,324.0,46.0
2022-11-27,84.02839228891605,1659.8431850742786,5531.428161174315,76,43,45,59,741.9676432127621,776,3.8999530075744286,29.04233453499656,12.815816772410141,13.496551404196413,29,14,11.0,27.0,4.0,331.0,47.0
2022-12-04,109.42502464798322,1891.4817562974365,6387.596621341987,88,54,62,72,648.9963452961281,436,3.378662587057741,26.39630150456549,13.482538400594464,13.668397234524837,36,13,12.0,4.0,4.0,338.0,48.0
2022-12-11,109.12571253333182,1846.4328605362878,6257.626413740349,61,45,37,54,307.6382760742926,144,3.8761400425135197,27.645424244143513,13.288386290368809,14.79708190250565,34,15,12.0,11.0,4.0,345.0,49.0
2022-12-18,113.2326262630825,2547.7297138623535,8684.392018176846,75,53,55,63,438.8152189878673,755,3.7933887830864017,29.081330400842774,14.736845353323654,15.415778163127772,38,14,12.0,18.0,4.0,352.0,50.0
2022-12-25,114.20113852469406,1868.9406058798863,6186.677912598142,75,49,47,60,342.10276505963145,174,3.868869771344705,27.584727278126174,15.533347911149924,15.922073459958106,35,15,12.0,25.0,4.0,359.0,51.0
2023-01-01,126.87250751349144,2072.8515485479934,7042.170046250551,81,54,61,70,303.12068948813925,398,3.8757167371200776,26.24107981026801,15.875244193993032,14.880553466232504,39,18,1.0,1.0,1.0,1.0,52.0
2023-01-08,127.1498444672938,2900.7388842505375,9410.810186846773,85,52,55,64,277.1767544578695,907,3.6563039246842366,26.074342638344902,14.113829475329375,13.98355538051256,44,14,1.0,8.0,1.0,8.0,1.0
2023-01-15,131.0928136773051,2418.6716282108937,8273.020540627555,88,55,57,76,516.6574034825002,548,3.604334177869701,25.321459694200406,14.008401796866575,14.244570381879925,44,18,1.0,15.0,1.0,15.0,2.0
2023-01-22,91.96024922792841,2154.0841752080423,7353.929094160636,64,37,46,60,177.78188115163147,115,3.979414587372034,28.286563334304997,14.40652734791621,12.226535690100302,32,11,1.0,22.0,1.0,22.0,3.0
2023-01-29,102.6765848482101,2562.751000273511,8690.508080611147,76,41,47,62,362.92254119916123,161,4.0986853748670535,27.93856605601893,11.939368171772422,10.997160605696072,37,11,1.0,29.0,1.0,29.0,4.0
2023-02-05,148.30421910705573,2977.7055841079323,10346.815623667333,127,63,88,110,259.1163376493272,3544,4.117645454306018,26.509156371417735,11.129804839694952,10.89186841985549,50,16,2.0,5.0,1.0,36.0,5.0
2023-02-12,139.1305651478207,2967.5857828808207,10312.309745615235,91,52,64,68,341.18688022192595,893,3.889522673392004,27.470836074613057,10.690831398393673,13.277182107924393,43,13,2.0,12.0,1.0,43.0,6.0
2023-02-19,121.14149862336838,2338.0872714661837,8102.635007588481,76,48,53,64,569.6473304784222,115,4.0278545065562605,25.183293701797332,12.987713293797018,12.875571004015988,41,12,2.0,19.0,1.0,50.0,7.0
2023-02-26,143.0554675124452,2788.7167414126675,9728.108594944337,90,57,60,71,533.7867238998161,429,4.005021269377206,25.257296076018687,13.058745720300308,12.38518207711828,48,14,2.0,26.0,1.0,57.0,8.0
2023-03-05,140.45252546481714,2930.152800655389,10255.534802293862,81,45,57,69,268.6460267741845,1089,4.11431665806627,25.417801448132742,12.539122475411732,13.267699803401904,44,14,3.0,5.0,1.0,64.0,9.0
2023-03-12,110.03599288195281,2231.695069230949,7810.9327423083205,82,36,53,60,117.36946859606394,740,3.6717032398062317,23.861605446735535,12.919422146098128,15.171615500030859,35,15,3.0,12.0,1.0,71.0,10.0
2023-03-19,171.60062384024064,3100.821366231184,10779.985554379791,95,53,65,78,62.81199086629863,284,4.2007704815607205,23.698325332786393,14.751147597724282,13.728202791665144,52,13,3.0,19.0,1.0,78.0,11.0
2023-03-26,142.61988334211986,2645.4784630702643,9115.92986032831,79,46,59,67,372.12582239297535,118,3.741937641183104,26.537344645228824,13.948351147412417,13.794504132197751,44,14,3.0,26.0,1.0,85.0,12.0
2023-04-02,123.57051869026525,2383.7359527776266,8343.075834721692,80,49,58,70,441.00592699859334,966,4.296343507182642,24.434969804438232,13.358010382310121,12.349448498489215,39,13,4.0,2.0,2.0,92.0,13.0
2023-04-09,147.1878356747134,2757.6782380548043,9565.426002452818,95,56,64,73,451.35501831675845,3650,3.9291732373566433,24.494676642548153,12.330884684155604,14.3916737177718,49,17,4.0,9.0,2.0,99.0,14.0
2023-04-16,127.61897363589276,2703.1743283921255,9388.546917761843,76,45,53,59,237.3863304216787,106,4.1987645920233865,24.852736477686207,15.125042267947345,14.207232627801238,41,12,4.0,16.0,2.0,106.0,15.0
2023-04-23,156.8107359491515,2831.653965971616,9720.931562252019,108,58,79,85,422.86867895455185,978,4.041311488313599,25.61413830591494,14.143030339576018,13.787472741309005,49,19,4.0,23.0,2.0,113.0,16.0
2023-04-30,129.4969889855245,2490.1559715383237,8478.792812395957,78,40,52,66,109.18073095831109,154,4.207158355807667,26.463829561870636,13.578512182350185,11.096757991374178,37,14,4.0,30.0,2.0,120.0,17.0
2023-05-07,139.30723820708292,2440.800523925637,8276.80733580417,67,45,46,56,351.0509708754572,592,3.9394064199076846,25.614760020505937,10.990108496745396,10.808044268438913,41,14,5.0,7.0,2.0,127.0,18.0
2023-05-14,71.60608134621614,1404.8879310992781,4656.2155337180075,44,30,28,37,150.01280717107448,128,4.021206446944306,25.63305273444057,10.42274537442308,10.433946275435293,22,10,5.0,14.0,2.0,134.0,19.0
2023-05-21,126.68581467631003,2339.6731872480873,7987.4282475411455,84,45,55,66,53.88527151170495,777,3.7977537316058907,25.630112535922006,10.142681039359069,13.177933523102428,39,9,5.0,21.0,2.0,141.0,20.0
2023-05-28,130.26235752023527,2126.133006690298,7281.215546010845,91,52,64,74,141.44063467956119,1028,3.8676663308815664,25.839878597114694,12.886999463895938,12.984926881908049,41,16,5.0,28.0,2.0,148.0,21.0
2023-06-04,144.73724174177394,2374.203426642667,8193.871810012804,101,52,70,75,154.38498334693548,430,4.30032112655767,25.122064621800988,13.198541387716586,12.015389864446947,44,14,6.0,4.0,2.0,155.0,22.0
2023-06-11,103.35131581765408,1696.011103913577,5842.894403426232,59,32,39,47,691.2246513165965,1871,4.2913829773676,25.35112724590772,12.169922830970204,13.004381841411414,32,12,6.0,11.0,2.0,162.0,23.0
2023-06-18,116.75899113063514,1924.5236497043898,6735.832773965364,86,42,58,64,549.4398350316637,2547,4.267589327430663,22.40579896999027,12.688722718121184,13.9495926942079,38,16,6.0,18.0,2.0,169.0,24.0
2023-06-25,120.61624095897498,1844.1387119781668,6371.138120346377,66,45,45,57,488.130400053429,118,4.233877217360769,23.291843662057182,13.555305236348806,10.967064186608681,38,12,6.0,25.0,2.0,176.0,25.0
2023-07-02,144.04898906660765,2760.1851151769183,9660.647903119214,98,61,72,81,247.46287685517268,2644,4.2460859432100895,22.94239126633886,10.880395119620099,9.112151357798513,46,15,7.0,2.0,3.0,183.0,26.0
2023-07-09,103.36019024427266,1937.8326018941946,6782.414106629681,57,42,36,48,110.810643006032,259,4.349204609081548,23.14900176916152,8.416821416064868,12.417269996867494,33,9,7.0,9.0,3.0,190.0,27.0
2023-07-16,107.70590064308911,1716.533344341284,5843.464099764988,52,39,37,46,393.53912173536327,98,4.272761553691616,23.095436556598845,11.918211713567825,13.692383430108787,34,14,7.0,16.0,3.0,197.0,28.0
2023-07-23,113.96631969782784,2308.397589081217,7889.800093364645,89,38,61,64,124.64366965576977,536,4.1575043301219194,23.333928499435068,13.945518237605391,17.11266644453068,35,14,7.0,23.0,3.0,204.0,29.0
2023-07-30,137.01373502104335,1945.4644701507134,6533.247883217568,109,49,85,80,442.8417458805891,1537,4.067284377109527,22.625358869236248,16.658034798701074,16.495115449805084,45,21,7.0,30.0,3.0,211.0,30.0
2023-08-06,136.36957228116057,2431.3467018164674,8439.180322412922,86,50,62,71,592.7829368898314,1041,4.258589678657176,22.97158843485283,15.677720741490674,11.813563172137272,43,18,8.0,6.0,3.0,218.0,31.0
2023-08-13,150.19585049289577,2606.802333263763,9123.80816642317,87,45,61,68,187.65286567370094,417,4.332294231021509,23.920428049545347,12.225280720918525,12.726053282631309,45,14,8.0,13.0,3.0,225.0,32.0
2023-08-20,137.51480071044466,2481.765484889167,8409.998721792097,73,49,50,66,0.0,433,4.221444021822473,25.110473035241576,11.822346871506653,8.456423536251467,42,11,8.0,20.0,3.0,232.0,33.0
2023-08-27,107.46224985421999,2034.8774411230715,6939.649483282333,81,40,51,60,297.27268278404034,1685,4.232291812621891,26.66608312485928,9.022660717189094,8.22687104269065,34,10,8.0,27.0,3.0,239.0,34.0
2023-09-03,140.38845306631805,2270.1068948969973,7804.349710641659,76,48,47,62,85.97901090777322,1860,4.186327289412012,23.651493140403918,8.258706183137374,9.538058652903244,41,11,9.0,3.0,3.0,246.0,35.0
2023-09-10,158.7087247490959,2743.932979812816,9489.84188305803,88,52,62,72,720.89936470373,775,4.27427225150724,24.393931114403863,9.41173745934117,12.154909708903855,47,13,9.0,10.0,3.0,253.0,36.0
2023-09-17,110.35165472885667,1842.2546821040762,6447.891387364267,65,33,39,50,447.6620778012981,197,4.310659314683646,24.23934723267454,12.23231674520593,12.495415203971014,32,12,9.0,17.0,3.0,260.0,37.0
2023-09-24,119.7599559139149,2449.625457199383,8573.689100197842,83,47,53,65,230.87103698356046,198,4.306699214885555,25.791999982522263,12.362644671451678,12.909474357565959,40,13,9.0,24.0,3.0,267.0,38.0
2023-10-01,123.8522356673783,2098.1715597742605,7113.214776101289,75,42,48,61,851.2142574811654,204,4.182101087368347,26.51203273093705,12.646798902451238,12.661893224501888,38,15,10.0,1.0,4.0,274.0,39.0
2023-10-08,122.96329284040864,2234.355438102046,7627.913179467739,68,39,44,54,141.58522870550212,97,4.265769213115828,25.47088356484612,12.552939738898903,11.994808744605452,36,12,10.0,8.0,4.0,281.0,40.0
2023-10-15,81.57171990403437,1578.7021786452779,5248.313047485649,46,28,31,40,227.1304474758339,106,4.21196997011793,27.774107243702243,12.408492191814773,13.5433843406611,24,11,10.0,15.0,4.0,288.0,41.0
2023-10-22,136.48299568464304,2287.452511783259,7735.611131757731,81,54,57,69,664.816468247214,121,4.171886104254484,27.414911537279817,14.01155968307576,13.790985261297697,43,15,10.0,22.0,4.0,295.0,42.0
2023-10-29,140.96554498056238,2801.87213118363,9589.506207125787,86,51,57,66,227.02085531816252,147,4.286140888914415,25.365742802922902,13.870024878534243,14.239373060193824,42,13,10.0,29.0,4.0,302.0,43.0
2023-11-05,143.80969942188702,2355.91289365105,8245.695127778676,79,58,55,63,503.80661315297203,119,4.230313591975545,24.723469373742127,13.760335639407229,11.780837785632341,45,12,11.0,5.0,4.0,309.0,44.0
2023-11-12,135.04727128663237,2505.5085109487704,8769.279788320697,69,43,43,59,0.0,138,4.333050234496887,24.339067624663976,11.424167030980858,10.755473710417347,40,11,11.0,12.0,4.0,316.0,45.0
2023-11-19,104.229170074708,1699.3325730258146,5838.225571120173,61,42,38,51,275.92207736002354,81,4.2517808739568,24.349011454527865,10.38332138778455,11.539041386700136,34,10,11.0,19.0,4.0,323.0,46.0
2023-11-26,107.85468777838055,1886.6469134303456,6564.589656773053,77,43,50,63,449.8060383756787,2745,4.205682040756891,25.618073866224453,12.823589033300332,14.054211350090847,34,17,11.0,26.0,4.0,330.0,47.0
2023-12-03,130.45939314766676,2539.6863084182573,8635.987364964965,70,42,49,59,291.88219677207127,546,4.117542589348206,28.194739125050454,13.768258547608161,12.281083635396126,40,13,12.0,3.0,4.0,337.0,48.0
2023-12-10,117.13787235594661,2235.3004838935276,7738.2342978764045,84,43,58,63,245.01500130548766,196,4.234945706617373,25.018580445021374,12.564558406194001,12.554915342106407,36,16,12.0,10.0,4.0,344.0,49.0
2023-12-17,148.6660467757498,2571.5862529586466,9108.451057803706,92,50,66,69,208.55153326083828,750,4.225495465790771,25.05848625715815,12.376764467221966,11.087269633246967,48,13,12.0,17.0,4.0,351.0,50.0
2023-12-24,130.3545127794146,2184.2452597896145,7390.606700489529,75,42,51,60,310.97230297886017,96,4.319993874024241,23.14471737081988,11.006281757678893,11.077969127731022,41,11,12.0,24.0,4.0,358.0,51.0
2023-12-31,156.994169653892,2549.313362944626,8922.59677030619,92,47,57,72,79.63302367197292,1176,3.7344680791984706,21.66554066287612,10.87378458438107,9.365229667992542,46,12,12.0,31.0,4.0,365.0,52.0
2024-01-07,134.89325204275679,2372.055758384718,8230.31086240408,79,43,50,70,144.1860319624978,1179,4.251565265130429,22.707878646193702,9.348612390648345,11.282982167992682,40,12,1.0,7.0,1.0,7.0,1.0
2024-01-14,131.65116304766914,2393.371176339894,8175.896643796107,87,48,63,69,240.44189252485634,2021,3.5759107394887457,23.856002488112576,11.372340100976162,10.817626801244627,41,13,1.0,14.0,1.0,14.0,2.0
2024-01-21,116.16913262111176,2029.3717097443907,6662.163716160174,65,41,38,54,197.0120210727231,291,4.090205611322573,22.20692969958719,10.637402173580009,9.62474018834481,36,10,1.0,21.0,1.0,21.0,3.0
2024-01-28,95.36372730337125,1664.4697576829883,5690.195127055345,60,32,38,45,443.53195527046006,124,3.665053433802776,23.660167901027407,9.0785528017027,8.358605269725105,29,9,1.0,28.0,1.0,28.0,4.0
2024-02-04,112.37029617443456,1825.0377596948983,6017.5992819144885,62,40,36,55,25.504891729603123,2296,4.016500529687749,23.254838813372498,8.622109314901765,8.893374778126464,34,11,2.0,4.0,1.0,35.0,5.0
2024-02-11,96.10999522613709,1922.9173374501274,6588.495806255724,65,34,39,51,246.11967852200848,1753,4.314023485524844,26.328567181204235,9.089787645036475,10.172588553331385,30,12,2.0,11.0,1.0,42.0,6.0
2024-02-18,105.01251800730891,1789.3900290936185,6011.032808236942,65,37,39,51,324.84310942564093,564,3.8956036153990636,26.76612432307097,9.70469180264871,7.754705867378447,33,11,2.0,18.0,1.0,49.0,7.0
2024-02-25,62.89032458972906,1189.6041886096302,3921.265612427839,50,24,25,36,487.9866377349176,810,3.9841165944693713,26.40404361431667,7.825232676818918,6.683438150012014,20,7,2.0,25.0,1.0,56.0,8.0
2024-03-03,101.65666485219297,1895.7483037320287,6482.240614305125,58,33,30,49,198.2198765085039,133,4.1269442575523625,26.86902780738721,6.710097476783505,9.50164083710019,32,8,3.0,3.0,1.0,63.0,9.0
2024-03-10,61.90583060241552,1213.066177695724,3961.063988725657,33,21,21,28,435.2420059961621,52,4.3846702212014215,28.508731916581873,9.92924998987337,8.224683330332994,19,10,3.0,10.0,1.0,70.0,10.0
2024-03-17,46.39157027929855,683.808367626747,2315.450013320082,33,19,21,25,539.7417306600795,64,4.181802149974027,25.088490509004583,9.400959873376332,9.885818459956708,15,7,3.0,17.0,1.0,77.0,11.0
